{
    "@type": "ModComponentAPI.ModBlueprint",
    "RequiredGear": ["GEAR_HatchetImprovised","GEAR_ScrapMetal"],
    "RequiredGearUnits": [1,1],
    "KeroseneLitersRequired": 0,
    "GunpowderKGRequired": 0,
    "RequiredTool": "",
    "OptionalTools": [],
    "RequiredCraftingLocation": "AmmoWorkbench",
    "RequiresLitFire": false,
    "RequiresLight": true,
    "CraftedResult": "GEAR_Hatchet",
    "CraftedResultCount": 1,
    "DurationMinutes": 60,
    "CraftingAudio": "PLAY_CRAFTINGGENERIC",
    "AppliedSkill" : "None",
    "ImprovedSkill" : "None"
}